-- MariaDB dump 10.19  Distrib 10.4.32-MariaDB, for Win64 (AMD64)
--
-- Host: localhost    Database: med_app
-- ------------------------------------------------------
-- Server version	10.4.32-MariaDB

/*!40101 SET @OLD_CHARACTER_SET_CLIENT=@@CHARACTER_SET_CLIENT */;
/*!40101 SET @OLD_CHARACTER_SET_RESULTS=@@CHARACTER_SET_RESULTS */;
/*!40101 SET @OLD_COLLATION_CONNECTION=@@COLLATION_CONNECTION */;
/*!40101 SET NAMES utf8 */;
/*!40103 SET @OLD_TIME_ZONE=@@TIME_ZONE */;
/*!40103 SET TIME_ZONE='+00:00' */;
/*!40014 SET @OLD_UNIQUE_CHECKS=@@UNIQUE_CHECKS, UNIQUE_CHECKS=0 */;
/*!40014 SET @OLD_FOREIGN_KEY_CHECKS=@@FOREIGN_KEY_CHECKS, FOREIGN_KEY_CHECKS=0 */;
/*!40101 SET @OLD_SQL_MODE=@@SQL_MODE, SQL_MODE='NO_AUTO_VALUE_ON_ZERO' */;
/*!40111 SET @OLD_SQL_NOTES=@@SQL_NOTES, SQL_NOTES=0 */;

--
-- Table structure for table `bookings`
--

DROP TABLE IF EXISTS `bookings`;
/*!40101 SET @saved_cs_client     = @@character_set_client */;
/*!40101 SET character_set_client = utf8 */;
CREATE TABLE `bookings` (
  `id` bigint(20) unsigned NOT NULL AUTO_INCREMENT,
  `user_id` bigint(20) unsigned NOT NULL,
  `doctor_id` bigint(20) unsigned NOT NULL,
  `date` varchar(255) NOT NULL,
  `time` varchar(255) NOT NULL,
  `status` int(11) NOT NULL DEFAULT 0,
  `created_at` timestamp NULL DEFAULT NULL,
  `updated_at` timestamp NULL DEFAULT NULL,
  PRIMARY KEY (`id`),
  KEY `bookings_doctor_id_foreign` (`doctor_id`),
  KEY `bookings_user_id_foreign` (`user_id`),
  CONSTRAINT `bookings_doctor_id_foreign` FOREIGN KEY (`doctor_id`) REFERENCES `users` (`id`) ON DELETE CASCADE,
  CONSTRAINT `bookings_user_id_foreign` FOREIGN KEY (`user_id`) REFERENCES `users` (`id`) ON DELETE CASCADE
) ENGINE=InnoDB AUTO_INCREMENT=23 DEFAULT CHARSET=utf8mb4 COLLATE=utf8mb4_unicode_ci;
/*!40101 SET character_set_client = @saved_cs_client */;

--
-- Dumping data for table `bookings`
--

LOCK TABLES `bookings` WRITE;
/*!40000 ALTER TABLE `bookings` DISABLE KEYS */;
INSERT INTO `bookings` VALUES (1,2,8,'2024-07-22','10.00',0,'2024-07-12 21:47:25','2024-07-16 09:53:02'),(2,2,8,'2024-07-22','10.00',0,'2024-07-12 21:52:16','2024-07-12 21:52:16'),(3,2,8,'2024-07-22','10.00',0,'2024-07-12 21:55:59','2024-07-12 21:55:59'),(4,2,8,'2024-07-23','08.00',0,'2024-07-12 22:00:28','2024-07-12 22:00:28'),(5,2,8,'2024-07-25','08.00',0,'2024-07-12 22:04:06','2024-07-12 22:04:06'),(6,2,8,'2024-07-25','20.00',0,'2024-07-12 22:05:25','2024-07-12 22:05:25'),(7,2,8,'2024-07-25','20.00',0,'2024-07-12 22:05:48','2024-07-12 22:05:48'),(8,2,8,'2024-07-24','08.00',0,'2024-07-12 22:06:22','2024-07-12 22:06:22'),(9,2,6,'2024-07-27','08.00',0,'2024-07-13 19:52:02','2024-07-13 19:52:02'),(10,2,6,'2024-07-27','08.30',0,'2024-07-13 19:53:48','2024-07-13 19:53:48'),(11,2,9,'2024-07-26','08.00',0,'2024-07-16 05:49:34','2024-07-16 05:49:34'),(12,2,9,'2024-07-26','08.00',0,'2024-07-16 05:55:07','2024-07-16 05:55:07'),(13,2,9,'2024-07-26','08.00',0,'2024-07-16 05:58:24','2024-07-16 05:58:24'),(14,2,9,'2024-07-26','08.00',0,'2024-07-16 06:02:38','2024-07-16 06:02:38'),(15,2,9,'2024-07-26','08.00',0,'2024-07-16 06:03:37','2024-07-16 06:03:37'),(16,2,9,'2024-07-23','08.00',0,'2024-07-16 06:07:38','2024-07-16 06:07:38'),(17,2,9,'2024-07-23','08.00',0,'2024-07-16 06:08:10','2024-07-16 06:08:10'),(18,2,4,'2024-07-17','08.30',0,'2024-07-16 09:25:32','2024-07-16 09:25:32'),(19,2,8,'2024-07-22','08.00',0,'2024-07-16 10:53:09','2024-07-16 10:53:09'),(20,2,4,'2024-07-17','09.00',0,'2024-07-16 11:04:16','2024-07-16 11:04:16'),(21,10,4,'2024-07-17','20.00',0,'2024-07-16 11:06:49','2024-07-16 11:06:49'),(22,2,8,'2024-07-22','14.00',0,'2024-07-16 12:02:45','2024-07-16 12:02:45');
/*!40000 ALTER TABLE `bookings` ENABLE KEYS */;
UNLOCK TABLES;

--
-- Table structure for table `cache`
--

DROP TABLE IF EXISTS `cache`;
/*!40101 SET @saved_cs_client     = @@character_set_client */;
/*!40101 SET character_set_client = utf8 */;
CREATE TABLE `cache` (
  `key` varchar(255) NOT NULL,
  `value` mediumtext NOT NULL,
  `expiration` int(11) NOT NULL,
  PRIMARY KEY (`key`)
) ENGINE=InnoDB DEFAULT CHARSET=utf8mb4 COLLATE=utf8mb4_unicode_ci;
/*!40101 SET character_set_client = @saved_cs_client */;

--
-- Dumping data for table `cache`
--

LOCK TABLES `cache` WRITE;
/*!40000 ALTER TABLE `cache` DISABLE KEYS */;
INSERT INTO `cache` VALUES ('24d1d11224df19e5ee4b67570a0c246b','i:1;',1721136665),('24d1d11224df19e5ee4b67570a0c246b:timer','i:1721136665;',1721136665),('5c6638ee1533113c47a19d4106cef41b','i:1;',1721130284),('5c6638ee1533113c47a19d4106cef41b:timer','i:1721130284;',1721130284),('6f75b532cd544073aa3edceac2868abf','i:1;',1721111756),('6f75b532cd544073aa3edceac2868abf:timer','i:1721111756;',1721111756),('9fcb20b65b3908edd86d8a40c35c5214','i:1;',1720984519),('9fcb20b65b3908edd86d8a40c35c5214:timer','i:1720984519;',1720984519),('a7b3d9f90cbbb7b17cafe05742fa761f','i:1;',1721119029),('a7b3d9f90cbbb7b17cafe05742fa761f:timer','i:1721119029;',1721119029),('alaric.my.id@gmail.com849407|127.0.0.1','i:1;',1720906504),('alaric.my.id@gmail.com849407|127.0.0.1:timer','i:1720906504;',1720906504),('df078f60ff9a51559311d81f62f769fb','i:1;',1720906503),('df078f60ff9a51559311d81f62f769fb:timer','i:1720906503;',1720906503),('ff22998ce3c0790bdd51d7dd89799a93','i:1;',1721138609),('ff22998ce3c0790bdd51d7dd89799a93:timer','i:1721138609;',1721138609);
/*!40000 ALTER TABLE `cache` ENABLE KEYS */;
UNLOCK TABLES;

--
-- Table structure for table `cache_locks`
--

DROP TABLE IF EXISTS `cache_locks`;
/*!40101 SET @saved_cs_client     = @@character_set_client */;
/*!40101 SET character_set_client = utf8 */;
CREATE TABLE `cache_locks` (
  `key` varchar(255) NOT NULL,
  `owner` varchar(255) NOT NULL,
  `expiration` int(11) NOT NULL,
  PRIMARY KEY (`key`)
) ENGINE=InnoDB DEFAULT CHARSET=utf8mb4 COLLATE=utf8mb4_unicode_ci;
/*!40101 SET character_set_client = @saved_cs_client */;

--
-- Dumping data for table `cache_locks`
--

LOCK TABLES `cache_locks` WRITE;
/*!40000 ALTER TABLE `cache_locks` DISABLE KEYS */;
/*!40000 ALTER TABLE `cache_locks` ENABLE KEYS */;
UNLOCK TABLES;

--
-- Table structure for table `failed_jobs`
--

DROP TABLE IF EXISTS `failed_jobs`;
/*!40101 SET @saved_cs_client     = @@character_set_client */;
/*!40101 SET character_set_client = utf8 */;
CREATE TABLE `failed_jobs` (
  `id` bigint(20) unsigned NOT NULL AUTO_INCREMENT,
  `uuid` varchar(255) NOT NULL,
  `connection` text NOT NULL,
  `queue` text NOT NULL,
  `payload` longtext NOT NULL,
  `exception` longtext NOT NULL,
  `failed_at` timestamp NOT NULL DEFAULT current_timestamp(),
  PRIMARY KEY (`id`),
  UNIQUE KEY `failed_jobs_uuid_unique` (`uuid`)
) ENGINE=InnoDB DEFAULT CHARSET=utf8mb4 COLLATE=utf8mb4_unicode_ci;
/*!40101 SET character_set_client = @saved_cs_client */;

--
-- Dumping data for table `failed_jobs`
--

LOCK TABLES `failed_jobs` WRITE;
/*!40000 ALTER TABLE `failed_jobs` DISABLE KEYS */;
/*!40000 ALTER TABLE `failed_jobs` ENABLE KEYS */;
UNLOCK TABLES;

--
-- Table structure for table `job_batches`
--

DROP TABLE IF EXISTS `job_batches`;
/*!40101 SET @saved_cs_client     = @@character_set_client */;
/*!40101 SET character_set_client = utf8 */;
CREATE TABLE `job_batches` (
  `id` varchar(255) NOT NULL,
  `name` varchar(255) NOT NULL,
  `total_jobs` int(11) NOT NULL,
  `pending_jobs` int(11) NOT NULL,
  `failed_jobs` int(11) NOT NULL,
  `failed_job_ids` longtext NOT NULL,
  `options` mediumtext DEFAULT NULL,
  `cancelled_at` int(11) DEFAULT NULL,
  `created_at` int(11) NOT NULL,
  `finished_at` int(11) DEFAULT NULL,
  PRIMARY KEY (`id`)
) ENGINE=InnoDB DEFAULT CHARSET=utf8mb4 COLLATE=utf8mb4_unicode_ci;
/*!40101 SET character_set_client = @saved_cs_client */;

--
-- Dumping data for table `job_batches`
--

LOCK TABLES `job_batches` WRITE;
/*!40000 ALTER TABLE `job_batches` DISABLE KEYS */;
/*!40000 ALTER TABLE `job_batches` ENABLE KEYS */;
UNLOCK TABLES;

--
-- Table structure for table `jobs`
--

DROP TABLE IF EXISTS `jobs`;
/*!40101 SET @saved_cs_client     = @@character_set_client */;
/*!40101 SET character_set_client = utf8 */;
CREATE TABLE `jobs` (
  `id` bigint(20) unsigned NOT NULL AUTO_INCREMENT,
  `queue` varchar(255) NOT NULL,
  `payload` longtext NOT NULL,
  `attempts` tinyint(3) unsigned NOT NULL,
  `reserved_at` int(10) unsigned DEFAULT NULL,
  `available_at` int(10) unsigned NOT NULL,
  `created_at` int(10) unsigned NOT NULL,
  PRIMARY KEY (`id`),
  KEY `jobs_queue_index` (`queue`)
) ENGINE=InnoDB DEFAULT CHARSET=utf8mb4 COLLATE=utf8mb4_unicode_ci;
/*!40101 SET character_set_client = @saved_cs_client */;

--
-- Dumping data for table `jobs`
--

LOCK TABLES `jobs` WRITE;
/*!40000 ALTER TABLE `jobs` DISABLE KEYS */;
/*!40000 ALTER TABLE `jobs` ENABLE KEYS */;
UNLOCK TABLES;

--
-- Table structure for table `migrations`
--

DROP TABLE IF EXISTS `migrations`;
/*!40101 SET @saved_cs_client     = @@character_set_client */;
/*!40101 SET character_set_client = utf8 */;
CREATE TABLE `migrations` (
  `id` int(10) unsigned NOT NULL AUTO_INCREMENT,
  `migration` varchar(255) NOT NULL,
  `batch` int(11) NOT NULL,
  PRIMARY KEY (`id`)
) ENGINE=InnoDB AUTO_INCREMENT=13 DEFAULT CHARSET=utf8mb4 COLLATE=utf8mb4_unicode_ci;
/*!40101 SET character_set_client = @saved_cs_client */;

--
-- Dumping data for table `migrations`
--

LOCK TABLES `migrations` WRITE;
/*!40000 ALTER TABLE `migrations` DISABLE KEYS */;
INSERT INTO `migrations` VALUES (1,'0001_01_01_000000_create_users_table',1),(2,'0001_01_01_000001_create_cache_table',1),(3,'0001_01_01_000002_create_jobs_table',1),(4,'2024_07_12_210606_add_two_factor_columns_to_users_table',2),(5,'2024_07_06_163554_create_roles_table',3),(6,'2024_07_06_164758_add_role_id_to_users_table',3),(7,'2024_07_06_170120_add_columns_to_users_table',3),(8,'2024_07_07_011848_create_specialties_table',3),(9,'2024_07_07_222856_create_bookings_table',3),(10,'2024_07_10_071223_create_time_slots_table',3),(11,'2024_07_14_140901_make_doc_id_foreign_key_to_users_table',4),(12,'2024_07_14_141803_make_user_id_and_doctor_id_foreign_key_to_bookings_table',5);
/*!40000 ALTER TABLE `migrations` ENABLE KEYS */;
UNLOCK TABLES;

--
-- Table structure for table `password_reset_tokens`
--

DROP TABLE IF EXISTS `password_reset_tokens`;
/*!40101 SET @saved_cs_client     = @@character_set_client */;
/*!40101 SET character_set_client = utf8 */;
CREATE TABLE `password_reset_tokens` (
  `email` varchar(255) NOT NULL,
  `token` varchar(255) NOT NULL,
  `created_at` timestamp NULL DEFAULT NULL,
  PRIMARY KEY (`email`)
) ENGINE=InnoDB DEFAULT CHARSET=utf8mb4 COLLATE=utf8mb4_unicode_ci;
/*!40101 SET character_set_client = @saved_cs_client */;

--
-- Dumping data for table `password_reset_tokens`
--

LOCK TABLES `password_reset_tokens` WRITE;
/*!40000 ALTER TABLE `password_reset_tokens` DISABLE KEYS */;
/*!40000 ALTER TABLE `password_reset_tokens` ENABLE KEYS */;
UNLOCK TABLES;

--
-- Table structure for table `roles`
--

DROP TABLE IF EXISTS `roles`;
/*!40101 SET @saved_cs_client     = @@character_set_client */;
/*!40101 SET character_set_client = utf8 */;
CREATE TABLE `roles` (
  `id` bigint(20) unsigned NOT NULL AUTO_INCREMENT,
  `name` varchar(255) NOT NULL,
  `created_at` timestamp NULL DEFAULT NULL,
  `updated_at` timestamp NULL DEFAULT NULL,
  PRIMARY KEY (`id`)
) ENGINE=InnoDB AUTO_INCREMENT=4 DEFAULT CHARSET=utf8mb4 COLLATE=utf8mb4_unicode_ci;
/*!40101 SET character_set_client = @saved_cs_client */;

--
-- Dumping data for table `roles`
--

LOCK TABLES `roles` WRITE;
/*!40000 ALTER TABLE `roles` DISABLE KEYS */;
INSERT INTO `roles` VALUES (1,'admin','2024-07-12 20:10:33','2024-07-12 20:10:33'),(2,'doctor','2024-07-12 20:10:34','2024-07-12 20:10:34'),(3,'patient','2024-07-12 20:10:34','2024-07-12 20:10:34');
/*!40000 ALTER TABLE `roles` ENABLE KEYS */;
UNLOCK TABLES;

--
-- Table structure for table `sessions`
--

DROP TABLE IF EXISTS `sessions`;
/*!40101 SET @saved_cs_client     = @@character_set_client */;
/*!40101 SET character_set_client = utf8 */;
CREATE TABLE `sessions` (
  `id` varchar(255) NOT NULL,
  `user_id` bigint(20) unsigned DEFAULT NULL,
  `ip_address` varchar(45) DEFAULT NULL,
  `user_agent` text DEFAULT NULL,
  `payload` longtext NOT NULL,
  `last_activity` int(11) NOT NULL,
  PRIMARY KEY (`id`),
  KEY `sessions_user_id_index` (`user_id`),
  KEY `sessions_last_activity_index` (`last_activity`)
) ENGINE=InnoDB DEFAULT CHARSET=utf8mb4 COLLATE=utf8mb4_unicode_ci;
/*!40101 SET character_set_client = @saved_cs_client */;

--
-- Dumping data for table `sessions`
--

LOCK TABLES `sessions` WRITE;
/*!40000 ALTER TABLE `sessions` DISABLE KEYS */;
INSERT INTO `sessions` VALUES ('fP22WMbmgSOo13dG6Rm5RraRTVxOBtTqaouCJKEu',NULL,'127.0.0.1','Mozilla/5.0 (Windows NT 10.0; Win64; x64) AppleWebKit/537.36 (KHTML, like Gecko) Chrome/126.0.0.0 Safari/537.36','YTozOntzOjY6Il90b2tlbiI7czo0MDoiOFF1S0h6eXBicWE0UXJ5ZlpsWHhKN1dkTG81dzZ1N3dwd0UxSXdiVyI7czo5OiJfcHJldmlvdXMiO2E6MTp7czozOiJ1cmwiO3M6MjM6Imh0dHA6Ly93d3cubWVkLWFwcC50ZXN0Ijt9czo2OiJfZmxhc2giO2E6Mjp7czozOiJvbGQiO2E6MDp7fXM6MzoibmV3IjthOjA6e319fQ==',1721204015),('vpIwaM2km3hUKjdyE6vGfZYraAWNiVu4pRfDOC1C',NULL,'127.0.0.1','Mozilla/5.0 (Windows NT 10.0; Win64; x64) AppleWebKit/537.36 (KHTML, like Gecko) Chrome/126.0.0.0 Safari/537.36','YTozOntzOjY6Il90b2tlbiI7czo0MDoiNGFSdjMxUVFjS1lITHBjbzQxbmxMY25JNGo0b3ZncmpYaThLTWFpRiI7czo2OiJfZmxhc2giO2E6Mjp7czozOiJvbGQiO2E6MDp7fXM6MzoibmV3IjthOjA6e319czo5OiJfcHJldmlvdXMiO2E6MTp7czozOiJ1cmwiO3M6MjM6Imh0dHA6Ly93d3cubWVkLWFwcC50ZXN0Ijt9fQ==',1721135310),('ZgsZI3mofEemNm5eKNhIANrCUlmUAsHYtuhLdK2x',NULL,'127.0.0.1','Mozilla/5.0 (Windows NT 10.0; Win64; x64) AppleWebKit/537.36 (KHTML, like Gecko) Chrome/126.0.0.0 Safari/537.36','YTozOntzOjY6Il90b2tlbiI7czo0MDoiUGUxMXcwYk13Zmd3ZmtlNzc1czZjU1VzQzZUWDI3ZlFxSEplY0xKRSI7czo2OiJfZmxhc2giO2E6Mjp7czozOiJvbGQiO2E6MDp7fXM6MzoibmV3IjthOjA6e319czo5OiJfcHJldmlvdXMiO2E6MTp7czozOiJ1cmwiO3M6Mjk6Imh0dHA6Ly93d3cubWVkLWFwcC50ZXN0L2xvZ2luIjt9fQ==',1721141790);
/*!40000 ALTER TABLE `sessions` ENABLE KEYS */;
UNLOCK TABLES;

--
-- Table structure for table `specialties`
--

DROP TABLE IF EXISTS `specialties`;
/*!40101 SET @saved_cs_client     = @@character_set_client */;
/*!40101 SET character_set_client = utf8 */;
CREATE TABLE `specialties` (
  `id` bigint(20) unsigned NOT NULL AUTO_INCREMENT,
  `name` varchar(255) NOT NULL,
  `created_at` timestamp NULL DEFAULT NULL,
  `updated_at` timestamp NULL DEFAULT NULL,
  PRIMARY KEY (`id`)
) ENGINE=InnoDB AUTO_INCREMENT=17 DEFAULT CHARSET=utf8mb4 COLLATE=utf8mb4_unicode_ci;
/*!40101 SET character_set_client = @saved_cs_client */;

--
-- Dumping data for table `specialties`
--

LOCK TABLES `specialties` WRITE;
/*!40000 ALTER TABLE `specialties` DISABLE KEYS */;
INSERT INTO `specialties` VALUES (2,'General Practitioner','2024-07-07 08:16:17','2024-07-07 08:16:17'),(6,'Physiotherapist','2024-07-07 09:53:21','2024-07-07 09:53:21'),(7,'Psychologist','2024-07-07 09:53:50','2024-07-07 09:53:50'),(8,'Chiropractor','2024-07-07 09:54:21','2024-07-07 09:54:21'),(9,'Podiatrist','2024-07-07 09:54:53','2024-07-07 09:54:53'),(10,'Radiologist','2024-07-07 09:55:22','2024-07-07 09:55:22'),(11,'Osteopath','2024-07-07 09:56:07','2024-07-07 09:56:07'),(13,'Dentist','2024-07-08 12:48:14','2024-07-08 12:48:14'),(15,'Dietitian','2024-07-08 12:53:07','2024-07-08 12:53:07'),(16,'Optometrist','2024-07-12 06:16:37','2024-07-12 06:16:37');
/*!40000 ALTER TABLE `specialties` ENABLE KEYS */;
UNLOCK TABLES;

--
-- Table structure for table `time_slots`
--

DROP TABLE IF EXISTS `time_slots`;
/*!40101 SET @saved_cs_client     = @@character_set_client */;
/*!40101 SET character_set_client = utf8 */;
CREATE TABLE `time_slots` (
  `id` bigint(20) unsigned NOT NULL AUTO_INCREMENT,
  `doc_id` bigint(20) unsigned NOT NULL,
  `date` varchar(255) NOT NULL,
  `time` varchar(255) NOT NULL,
  `status` int(11) NOT NULL DEFAULT 0,
  `created_at` timestamp NULL DEFAULT NULL,
  `updated_at` timestamp NULL DEFAULT NULL,
  PRIMARY KEY (`id`),
  KEY `time_slots_doc_id_foreign` (`doc_id`),
  CONSTRAINT `time_slots_doc_id_foreign` FOREIGN KEY (`doc_id`) REFERENCES `users` (`id`) ON DELETE CASCADE
) ENGINE=InnoDB AUTO_INCREMENT=613 DEFAULT CHARSET=utf8mb4 COLLATE=utf8mb4_unicode_ci;
/*!40101 SET character_set_client = @saved_cs_client */;

--
-- Dumping data for table `time_slots`
--

LOCK TABLES `time_slots` WRITE;
/*!40000 ALTER TABLE `time_slots` DISABLE KEYS */;
INSERT INTO `time_slots` VALUES (22,8,'2024-07-23','08.00',1,'2024-07-12 21:26:50','2024-07-12 22:00:28'),(23,8,'2024-07-23','08.30',0,'2024-07-12 21:26:50','2024-07-12 21:26:50'),(24,8,'2024-07-23','09.00',0,'2024-07-12 21:26:50','2024-07-12 21:26:50'),(25,8,'2024-07-23','09.30',0,'2024-07-12 21:26:50','2024-07-12 21:26:50'),(26,8,'2024-07-23','10.00',0,'2024-07-12 21:26:50','2024-07-12 21:26:50'),(27,8,'2024-07-23','10.30',0,'2024-07-12 21:26:50','2024-07-12 21:26:50'),(28,8,'2024-07-23','11.00',0,'2024-07-12 21:26:50','2024-07-12 21:26:50'),(29,8,'2024-07-23','11.30',0,'2024-07-12 21:26:50','2024-07-12 21:26:50'),(30,8,'2024-07-23','13.00',0,'2024-07-12 21:26:50','2024-07-12 21:26:50'),(31,8,'2024-07-23','13.30',0,'2024-07-12 21:26:50','2024-07-12 21:26:50'),(32,8,'2024-07-23','14.00',0,'2024-07-12 21:26:50','2024-07-12 21:26:50'),(33,8,'2024-07-23','14.30',0,'2024-07-12 21:26:50','2024-07-12 21:26:50'),(34,8,'2024-07-23','15.00',0,'2024-07-12 21:26:50','2024-07-12 21:26:50'),(35,8,'2024-07-23','15.30',0,'2024-07-12 21:26:50','2024-07-12 21:26:50'),(36,8,'2024-07-23','16.00',0,'2024-07-12 21:26:50','2024-07-12 21:26:50'),(37,8,'2024-07-23','16.30',0,'2024-07-12 21:26:50','2024-07-12 21:26:50'),(38,8,'2024-07-23','18.00',0,'2024-07-12 21:26:50','2024-07-12 21:26:50'),(39,8,'2024-07-23','18.30',0,'2024-07-12 21:26:50','2024-07-12 21:26:50'),(40,8,'2024-07-23','19.00',0,'2024-07-12 21:26:50','2024-07-12 21:26:50'),(41,8,'2024-07-23','19.30',0,'2024-07-12 21:26:50','2024-07-12 21:26:50'),(42,8,'2024-07-23','20.00',0,'2024-07-12 21:26:50','2024-07-12 21:26:50'),(43,8,'2024-07-24','08.00',1,'2024-07-12 21:27:00','2024-07-12 22:06:22'),(44,8,'2024-07-24','08.30',0,'2024-07-12 21:27:00','2024-07-12 21:27:00'),(45,8,'2024-07-24','09.00',0,'2024-07-12 21:27:00','2024-07-12 21:27:00'),(46,8,'2024-07-24','09.30',0,'2024-07-12 21:27:00','2024-07-12 21:27:00'),(47,8,'2024-07-24','10.00',0,'2024-07-12 21:27:00','2024-07-12 21:27:00'),(48,8,'2024-07-24','10.30',0,'2024-07-12 21:27:00','2024-07-12 21:27:00'),(49,8,'2024-07-24','11.00',0,'2024-07-12 21:27:00','2024-07-12 21:27:00'),(50,8,'2024-07-24','11.30',0,'2024-07-12 21:27:00','2024-07-12 21:27:00'),(51,8,'2024-07-24','13.00',0,'2024-07-12 21:27:00','2024-07-12 21:27:00'),(52,8,'2024-07-24','13.30',0,'2024-07-12 21:27:00','2024-07-12 21:27:00'),(53,8,'2024-07-24','14.00',0,'2024-07-12 21:27:00','2024-07-12 21:27:00'),(54,8,'2024-07-24','14.30',0,'2024-07-12 21:27:00','2024-07-12 21:27:00'),(55,8,'2024-07-24','15.00',0,'2024-07-12 21:27:00','2024-07-12 21:27:00'),(56,8,'2024-07-24','15.30',0,'2024-07-12 21:27:00','2024-07-12 21:27:00'),(57,8,'2024-07-24','16.00',0,'2024-07-12 21:27:00','2024-07-12 21:27:00'),(58,8,'2024-07-24','16.30',0,'2024-07-12 21:27:00','2024-07-12 21:27:00'),(59,8,'2024-07-24','18.00',0,'2024-07-12 21:27:00','2024-07-12 21:27:00'),(60,8,'2024-07-24','18.30',0,'2024-07-12 21:27:00','2024-07-12 21:27:00'),(61,8,'2024-07-24','19.00',0,'2024-07-12 21:27:00','2024-07-12 21:27:00'),(62,8,'2024-07-24','19.30',0,'2024-07-12 21:27:00','2024-07-12 21:27:00'),(63,8,'2024-07-24','20.00',0,'2024-07-12 21:27:00','2024-07-12 21:27:00'),(64,8,'2024-07-25','08.00',1,'2024-07-12 21:27:09','2024-07-12 22:04:06'),(65,8,'2024-07-25','08.30',0,'2024-07-12 21:27:09','2024-07-12 21:27:09'),(66,8,'2024-07-25','09.00',0,'2024-07-12 21:27:09','2024-07-12 21:27:09'),(67,8,'2024-07-25','09.30',0,'2024-07-12 21:27:09','2024-07-12 21:27:09'),(68,8,'2024-07-25','10.00',0,'2024-07-12 21:27:09','2024-07-12 21:27:09'),(69,8,'2024-07-25','10.30',0,'2024-07-12 21:27:09','2024-07-12 21:27:09'),(70,8,'2024-07-25','11.00',0,'2024-07-12 21:27:09','2024-07-12 21:27:09'),(71,8,'2024-07-25','11.30',0,'2024-07-12 21:27:09','2024-07-12 21:27:09'),(72,8,'2024-07-25','13.00',0,'2024-07-12 21:27:09','2024-07-12 21:27:09'),(73,8,'2024-07-25','13.30',0,'2024-07-12 21:27:09','2024-07-12 21:27:09'),(74,8,'2024-07-25','14.00',0,'2024-07-12 21:27:09','2024-07-12 21:27:09'),(75,8,'2024-07-25','14.30',0,'2024-07-12 21:27:09','2024-07-12 21:27:09'),(76,8,'2024-07-25','15.00',0,'2024-07-12 21:27:09','2024-07-12 21:27:09'),(77,8,'2024-07-25','15.30',0,'2024-07-12 21:27:09','2024-07-12 21:27:09'),(78,8,'2024-07-25','16.00',0,'2024-07-12 21:27:09','2024-07-12 21:27:09'),(79,8,'2024-07-25','16.30',0,'2024-07-12 21:27:09','2024-07-12 21:27:09'),(80,8,'2024-07-25','18.00',0,'2024-07-12 21:27:09','2024-07-12 21:27:09'),(81,8,'2024-07-25','18.30',0,'2024-07-12 21:27:09','2024-07-12 21:27:09'),(82,8,'2024-07-25','19.00',0,'2024-07-12 21:27:09','2024-07-12 21:27:09'),(83,8,'2024-07-25','19.30',0,'2024-07-12 21:27:09','2024-07-12 21:27:09'),(84,8,'2024-07-25','20.00',1,'2024-07-12 21:27:09','2024-07-12 22:05:48'),(85,6,'2024-07-30','08.00',0,'2024-07-12 22:08:32','2024-07-12 22:08:32'),(86,6,'2024-07-30','08.30',0,'2024-07-12 22:08:32','2024-07-12 22:08:32'),(87,6,'2024-07-30','09.00',0,'2024-07-12 22:08:32','2024-07-12 22:08:32'),(88,6,'2024-07-30','09.30',0,'2024-07-12 22:08:32','2024-07-12 22:08:32'),(89,6,'2024-07-30','10.00',0,'2024-07-12 22:08:32','2024-07-12 22:08:32'),(90,6,'2024-07-30','10.30',0,'2024-07-12 22:08:32','2024-07-12 22:08:32'),(91,6,'2024-07-30','11.00',0,'2024-07-12 22:08:32','2024-07-12 22:08:32'),(92,6,'2024-07-30','11.30',0,'2024-07-12 22:08:32','2024-07-12 22:08:32'),(93,6,'2024-07-30','13.00',0,'2024-07-12 22:08:32','2024-07-12 22:08:32'),(94,6,'2024-07-30','13.30',0,'2024-07-12 22:08:32','2024-07-12 22:08:32'),(95,6,'2024-07-30','14.00',0,'2024-07-12 22:08:32','2024-07-12 22:08:32'),(96,6,'2024-07-30','14.30',0,'2024-07-12 22:08:32','2024-07-12 22:08:32'),(97,6,'2024-07-30','15.00',0,'2024-07-12 22:08:32','2024-07-12 22:08:32'),(98,6,'2024-07-30','15.30',0,'2024-07-12 22:08:32','2024-07-12 22:08:32'),(99,6,'2024-07-30','16.00',0,'2024-07-12 22:08:32','2024-07-12 22:08:32'),(100,6,'2024-07-30','16.30',0,'2024-07-12 22:08:32','2024-07-12 22:08:32'),(101,6,'2024-07-30','18.00',0,'2024-07-12 22:08:32','2024-07-12 22:08:32'),(102,6,'2024-07-30','18.30',0,'2024-07-12 22:08:32','2024-07-12 22:08:32'),(103,6,'2024-07-30','19.00',0,'2024-07-12 22:08:32','2024-07-12 22:08:32'),(104,6,'2024-07-30','19.30',0,'2024-07-12 22:08:32','2024-07-12 22:08:32'),(105,6,'2024-07-30','20.00',0,'2024-07-12 22:08:32','2024-07-12 22:08:32'),(106,6,'2024-07-29','08.00',0,'2024-07-12 22:08:41','2024-07-12 22:08:41'),(107,6,'2024-07-29','08.30',0,'2024-07-12 22:08:41','2024-07-12 22:08:41'),(108,6,'2024-07-29','09.00',0,'2024-07-12 22:08:41','2024-07-12 22:08:41'),(109,6,'2024-07-29','09.30',0,'2024-07-12 22:08:41','2024-07-12 22:08:41'),(110,6,'2024-07-29','10.00',0,'2024-07-12 22:08:41','2024-07-12 22:08:41'),(111,6,'2024-07-29','10.30',0,'2024-07-12 22:08:41','2024-07-12 22:08:41'),(112,6,'2024-07-29','11.00',0,'2024-07-12 22:08:41','2024-07-12 22:08:41'),(113,6,'2024-07-29','11.30',0,'2024-07-12 22:08:41','2024-07-12 22:08:41'),(114,6,'2024-07-29','13.00',0,'2024-07-12 22:08:41','2024-07-12 22:08:41'),(115,6,'2024-07-29','13.30',0,'2024-07-12 22:08:41','2024-07-12 22:08:41'),(116,6,'2024-07-29','14.00',0,'2024-07-12 22:08:41','2024-07-12 22:08:41'),(117,6,'2024-07-29','14.30',0,'2024-07-12 22:08:41','2024-07-12 22:08:41'),(118,6,'2024-07-29','15.00',0,'2024-07-12 22:08:41','2024-07-12 22:08:41'),(119,6,'2024-07-29','15.30',0,'2024-07-12 22:08:41','2024-07-12 22:08:41'),(120,6,'2024-07-29','16.00',0,'2024-07-12 22:08:41','2024-07-12 22:08:41'),(121,6,'2024-07-29','16.30',0,'2024-07-12 22:08:41','2024-07-12 22:08:41'),(122,6,'2024-07-29','18.00',0,'2024-07-12 22:08:41','2024-07-12 22:08:41'),(123,6,'2024-07-29','18.30',0,'2024-07-12 22:08:41','2024-07-12 22:08:41'),(124,6,'2024-07-29','19.00',0,'2024-07-12 22:08:41','2024-07-12 22:08:41'),(125,6,'2024-07-29','19.30',0,'2024-07-12 22:08:41','2024-07-12 22:08:41'),(126,6,'2024-07-29','20.00',0,'2024-07-12 22:08:41','2024-07-12 22:08:41'),(127,6,'2024-07-27','08.00',1,'2024-07-12 22:08:52','2024-07-13 19:52:02'),(128,6,'2024-07-27','08.30',1,'2024-07-12 22:08:52','2024-07-13 19:53:48'),(129,6,'2024-07-27','09.00',0,'2024-07-12 22:08:52','2024-07-12 22:08:52'),(130,6,'2024-07-27','09.30',0,'2024-07-12 22:08:52','2024-07-12 22:08:52'),(131,6,'2024-07-27','10.00',0,'2024-07-12 22:08:52','2024-07-12 22:08:52'),(132,6,'2024-07-27','10.30',0,'2024-07-12 22:08:52','2024-07-12 22:08:52'),(133,6,'2024-07-27','11.00',0,'2024-07-12 22:08:52','2024-07-12 22:08:52'),(134,6,'2024-07-27','11.30',0,'2024-07-12 22:08:52','2024-07-12 22:08:52'),(135,6,'2024-07-27','13.00',0,'2024-07-12 22:08:52','2024-07-12 22:08:52'),(136,6,'2024-07-27','13.30',0,'2024-07-12 22:08:52','2024-07-12 22:08:52'),(137,6,'2024-07-27','14.00',0,'2024-07-12 22:08:52','2024-07-12 22:08:52'),(138,6,'2024-07-27','14.30',0,'2024-07-12 22:08:52','2024-07-12 22:08:52'),(139,6,'2024-07-27','15.00',0,'2024-07-12 22:08:52','2024-07-12 22:08:52'),(140,6,'2024-07-27','15.30',0,'2024-07-12 22:08:52','2024-07-12 22:08:52'),(141,6,'2024-07-27','16.00',0,'2024-07-12 22:08:52','2024-07-12 22:08:52'),(142,6,'2024-07-27','16.30',0,'2024-07-12 22:08:52','2024-07-12 22:08:52'),(143,6,'2024-07-27','18.00',0,'2024-07-12 22:08:52','2024-07-12 22:08:52'),(144,6,'2024-07-27','18.30',0,'2024-07-12 22:08:52','2024-07-12 22:08:52'),(145,6,'2024-07-27','19.00',0,'2024-07-12 22:08:52','2024-07-12 22:08:52'),(146,6,'2024-07-27','19.30',0,'2024-07-12 22:08:52','2024-07-12 22:08:52'),(147,6,'2024-07-27','20.00',0,'2024-07-12 22:08:52','2024-07-12 22:08:52'),(148,9,'2024-07-23','08.00',1,'2024-07-15 17:19:28','2024-07-16 06:08:10'),(149,9,'2024-07-23','08.30',0,'2024-07-15 17:19:28','2024-07-15 17:19:28'),(150,9,'2024-07-23','09.00',0,'2024-07-15 17:19:28','2024-07-15 17:19:28'),(151,9,'2024-07-23','09.30',0,'2024-07-15 17:19:28','2024-07-15 17:19:28'),(152,9,'2024-07-23','10.00',0,'2024-07-15 17:19:28','2024-07-15 17:19:28'),(153,9,'2024-07-23','10.30',0,'2024-07-15 17:19:28','2024-07-15 17:19:28'),(154,9,'2024-07-23','11.00',0,'2024-07-15 17:19:28','2024-07-15 17:19:28'),(155,9,'2024-07-23','11.30',0,'2024-07-15 17:19:28','2024-07-15 17:19:28'),(156,9,'2024-07-23','13.00',0,'2024-07-15 17:19:28','2024-07-15 17:19:28'),(157,9,'2024-07-23','13.30',0,'2024-07-15 17:19:28','2024-07-15 17:19:28'),(158,9,'2024-07-23','14.00',0,'2024-07-15 17:19:28','2024-07-15 17:19:28'),(159,9,'2024-07-23','14.30',0,'2024-07-15 17:19:28','2024-07-15 17:19:28'),(160,9,'2024-07-23','15.00',0,'2024-07-15 17:19:28','2024-07-15 17:19:28'),(161,9,'2024-07-23','15.30',0,'2024-07-15 17:19:28','2024-07-15 17:19:28'),(162,9,'2024-07-23','16.00',0,'2024-07-15 17:19:28','2024-07-15 17:19:28'),(163,9,'2024-07-23','16.30',0,'2024-07-15 17:19:28','2024-07-15 17:19:28'),(164,9,'2024-07-23','18.00',0,'2024-07-15 17:19:28','2024-07-15 17:19:28'),(165,9,'2024-07-23','18.30',0,'2024-07-15 17:19:28','2024-07-15 17:19:28'),(166,9,'2024-07-23','19.00',0,'2024-07-15 17:19:28','2024-07-15 17:19:28'),(167,9,'2024-07-23','19.30',0,'2024-07-15 17:19:28','2024-07-15 17:19:28'),(168,9,'2024-07-23','20.00',0,'2024-07-15 17:19:28','2024-07-15 17:19:28'),(169,9,'2024-07-26','08.00',1,'2024-07-15 17:19:38','2024-07-16 05:58:24'),(170,9,'2024-07-26','08.30',0,'2024-07-15 17:19:38','2024-07-15 17:19:38'),(171,9,'2024-07-26','09.00',0,'2024-07-15 17:19:38','2024-07-15 17:19:38'),(172,9,'2024-07-26','09.30',0,'2024-07-15 17:19:38','2024-07-15 17:19:38'),(173,9,'2024-07-26','10.00',0,'2024-07-15 17:19:38','2024-07-15 17:19:38'),(174,9,'2024-07-26','10.30',0,'2024-07-15 17:19:38','2024-07-15 17:19:38'),(175,9,'2024-07-26','11.00',0,'2024-07-15 17:19:38','2024-07-15 17:19:38'),(176,9,'2024-07-26','11.30',0,'2024-07-15 17:19:38','2024-07-15 17:19:38'),(177,9,'2024-07-26','13.00',0,'2024-07-15 17:19:38','2024-07-15 17:19:38'),(178,9,'2024-07-26','13.30',0,'2024-07-15 17:19:38','2024-07-15 17:19:38'),(179,9,'2024-07-26','14.00',0,'2024-07-15 17:19:38','2024-07-15 17:19:38'),(180,9,'2024-07-26','14.30',0,'2024-07-15 17:19:38','2024-07-15 17:19:38'),(181,9,'2024-07-26','15.00',0,'2024-07-15 17:19:38','2024-07-15 17:19:38'),(182,9,'2024-07-26','15.30',0,'2024-07-15 17:19:38','2024-07-15 17:19:38'),(183,9,'2024-07-26','16.00',0,'2024-07-15 17:19:38','2024-07-15 17:19:38'),(184,9,'2024-07-26','16.30',0,'2024-07-15 17:19:38','2024-07-15 17:19:38'),(185,9,'2024-07-26','18.00',0,'2024-07-15 17:19:38','2024-07-15 17:19:38'),(186,9,'2024-07-26','18.30',0,'2024-07-15 17:19:38','2024-07-15 17:19:38'),(187,9,'2024-07-26','19.00',0,'2024-07-15 17:19:38','2024-07-15 17:19:38'),(188,9,'2024-07-26','19.30',0,'2024-07-15 17:19:38','2024-07-15 17:19:38'),(189,9,'2024-07-26','20.00',0,'2024-07-15 17:19:38','2024-07-15 17:19:38'),(190,9,'2024-07-30','08.00',0,'2024-07-15 17:19:47','2024-07-15 17:19:47'),(191,9,'2024-07-30','08.30',0,'2024-07-15 17:19:47','2024-07-15 17:19:47'),(192,9,'2024-07-30','09.00',0,'2024-07-15 17:19:47','2024-07-15 17:19:47'),(193,9,'2024-07-30','09.30',0,'2024-07-15 17:19:47','2024-07-15 17:19:47'),(194,9,'2024-07-30','10.00',0,'2024-07-15 17:19:47','2024-07-15 17:19:47'),(195,9,'2024-07-30','10.30',0,'2024-07-15 17:19:47','2024-07-15 17:19:47'),(196,9,'2024-07-30','11.00',0,'2024-07-15 17:19:47','2024-07-15 17:19:47'),(197,9,'2024-07-30','11.30',0,'2024-07-15 17:19:47','2024-07-15 17:19:47'),(198,9,'2024-07-30','13.00',0,'2024-07-15 17:19:47','2024-07-15 17:19:47'),(199,9,'2024-07-30','13.30',0,'2024-07-15 17:19:47','2024-07-15 17:19:47'),(200,9,'2024-07-30','14.00',0,'2024-07-15 17:19:47','2024-07-15 17:19:47'),(201,9,'2024-07-30','14.30',0,'2024-07-15 17:19:47','2024-07-15 17:19:47'),(202,9,'2024-07-30','15.00',0,'2024-07-15 17:19:47','2024-07-15 17:19:47'),(203,9,'2024-07-30','15.30',0,'2024-07-15 17:19:47','2024-07-15 17:19:47'),(204,9,'2024-07-30','16.00',0,'2024-07-15 17:19:47','2024-07-15 17:19:47'),(205,9,'2024-07-30','16.30',0,'2024-07-15 17:19:47','2024-07-15 17:19:47'),(206,9,'2024-07-30','18.00',0,'2024-07-15 17:19:47','2024-07-15 17:19:47'),(207,9,'2024-07-30','18.30',0,'2024-07-15 17:19:47','2024-07-15 17:19:47'),(208,9,'2024-07-30','19.00',0,'2024-07-15 17:19:47','2024-07-15 17:19:47'),(209,9,'2024-07-30','19.30',0,'2024-07-15 17:19:47','2024-07-15 17:19:47'),(210,9,'2024-07-30','20.00',0,'2024-07-15 17:19:47','2024-07-15 17:19:47'),(232,4,'2024-07-31','08.00',0,'2024-07-15 17:20:56','2024-07-15 17:20:56'),(233,4,'2024-07-31','08.30',0,'2024-07-15 17:20:56','2024-07-15 17:20:56'),(234,4,'2024-07-31','09.00',0,'2024-07-15 17:20:56','2024-07-15 17:20:56'),(235,4,'2024-07-31','09.30',0,'2024-07-15 17:20:56','2024-07-15 17:20:56'),(236,4,'2024-07-31','10.00',0,'2024-07-15 17:20:56','2024-07-15 17:20:56'),(237,4,'2024-07-31','10.30',0,'2024-07-15 17:20:56','2024-07-15 17:20:56'),(238,4,'2024-07-31','11.00',0,'2024-07-15 17:20:56','2024-07-15 17:20:56'),(239,4,'2024-07-31','11.30',0,'2024-07-15 17:20:56','2024-07-15 17:20:56'),(240,4,'2024-07-31','13.00',0,'2024-07-15 17:20:56','2024-07-15 17:20:56'),(241,4,'2024-07-31','13.30',0,'2024-07-15 17:20:56','2024-07-15 17:20:56'),(242,4,'2024-07-31','14.00',0,'2024-07-15 17:20:56','2024-07-15 17:20:56'),(243,4,'2024-07-31','14.30',0,'2024-07-15 17:20:56','2024-07-15 17:20:56'),(244,4,'2024-07-31','15.00',0,'2024-07-15 17:20:56','2024-07-15 17:20:56'),(245,4,'2024-07-31','15.30',0,'2024-07-15 17:20:56','2024-07-15 17:20:56'),(246,4,'2024-07-31','16.00',0,'2024-07-15 17:20:56','2024-07-15 17:20:56'),(247,4,'2024-07-31','16.30',0,'2024-07-15 17:20:56','2024-07-15 17:20:56'),(248,4,'2024-07-31','18.00',0,'2024-07-15 17:20:56','2024-07-15 17:20:56'),(249,4,'2024-07-31','18.30',0,'2024-07-15 17:20:56','2024-07-15 17:20:56'),(250,4,'2024-07-31','19.00',0,'2024-07-15 17:20:56','2024-07-15 17:20:56'),(251,4,'2024-07-31','19.30',0,'2024-07-15 17:20:56','2024-07-15 17:20:56'),(252,4,'2024-07-31','20.00',0,'2024-07-15 17:20:56','2024-07-15 17:20:56'),(253,9,'2024-07-16','08.00',0,'2024-07-16 05:19:14','2024-07-16 05:19:14'),(254,9,'2024-07-16','08.30',0,'2024-07-16 05:19:14','2024-07-16 05:19:14'),(255,9,'2024-07-16','09.00',0,'2024-07-16 05:19:14','2024-07-16 05:19:14'),(256,9,'2024-07-16','09.30',0,'2024-07-16 05:19:14','2024-07-16 05:19:14'),(257,9,'2024-07-16','10.00',0,'2024-07-16 05:19:14','2024-07-16 05:19:14'),(258,9,'2024-07-16','10.30',0,'2024-07-16 05:19:14','2024-07-16 05:19:14'),(259,9,'2024-07-16','11.00',0,'2024-07-16 05:19:14','2024-07-16 05:19:14'),(260,9,'2024-07-16','11.30',0,'2024-07-16 05:19:14','2024-07-16 05:19:14'),(261,9,'2024-07-16','13.00',0,'2024-07-16 05:19:14','2024-07-16 05:19:14'),(262,9,'2024-07-16','13.30',0,'2024-07-16 05:19:14','2024-07-16 05:19:14'),(263,9,'2024-07-16','14.00',0,'2024-07-16 05:19:14','2024-07-16 05:19:14'),(264,9,'2024-07-16','14.30',0,'2024-07-16 05:19:14','2024-07-16 05:19:14'),(265,9,'2024-07-16','15.00',0,'2024-07-16 05:19:14','2024-07-16 05:19:14'),(266,9,'2024-07-16','15.30',0,'2024-07-16 05:19:14','2024-07-16 05:19:14'),(267,9,'2024-07-16','16.00',0,'2024-07-16 05:19:14','2024-07-16 05:19:14'),(268,9,'2024-07-16','16.30',0,'2024-07-16 05:19:14','2024-07-16 05:19:14'),(269,9,'2024-07-16','18.00',0,'2024-07-16 05:19:14','2024-07-16 05:19:14'),(270,9,'2024-07-16','18.30',0,'2024-07-16 05:19:14','2024-07-16 05:19:14'),(271,9,'2024-07-16','19.00',0,'2024-07-16 05:19:14','2024-07-16 05:19:14'),(272,9,'2024-07-16','19.30',0,'2024-07-16 05:19:14','2024-07-16 05:19:14'),(273,9,'2024-07-16','20.00',0,'2024-07-16 05:19:14','2024-07-16 05:19:14'),(451,4,'2024-07-29','08.30',0,'2024-07-16 09:24:10','2024-07-16 09:24:10'),(452,4,'2024-07-29','09.00',0,'2024-07-16 09:24:10','2024-07-16 09:24:10'),(453,4,'2024-07-29','09.30',0,'2024-07-16 09:24:10','2024-07-16 09:24:10'),(454,4,'2024-07-29','10.00',0,'2024-07-16 09:24:10','2024-07-16 09:24:10'),(455,4,'2024-07-29','10.30',0,'2024-07-16 09:24:10','2024-07-16 09:24:10'),(456,4,'2024-07-29','11.00',0,'2024-07-16 09:24:10','2024-07-16 09:24:10'),(457,4,'2024-07-29','11.30',0,'2024-07-16 09:24:10','2024-07-16 09:24:10'),(458,4,'2024-07-29','13.00',0,'2024-07-16 09:24:10','2024-07-16 09:24:10'),(459,4,'2024-07-29','13.30',0,'2024-07-16 09:24:10','2024-07-16 09:24:10'),(460,4,'2024-07-29','14.00',0,'2024-07-16 09:24:10','2024-07-16 09:24:10'),(461,4,'2024-07-29','14.30',0,'2024-07-16 09:24:10','2024-07-16 09:24:10'),(462,4,'2024-07-29','15.00',0,'2024-07-16 09:24:10','2024-07-16 09:24:10'),(463,4,'2024-07-29','15.30',0,'2024-07-16 09:24:10','2024-07-16 09:24:10'),(464,4,'2024-07-29','16.00',0,'2024-07-16 09:24:10','2024-07-16 09:24:10'),(465,4,'2024-07-29','16.30',0,'2024-07-16 09:24:10','2024-07-16 09:24:10'),(466,4,'2024-07-29','18.00',0,'2024-07-16 09:24:10','2024-07-16 09:24:10'),(467,4,'2024-07-29','18.30',0,'2024-07-16 09:24:10','2024-07-16 09:24:10'),(468,4,'2024-07-29','19.00',0,'2024-07-16 09:24:10','2024-07-16 09:24:10'),(469,4,'2024-07-29','19.30',0,'2024-07-16 09:24:10','2024-07-16 09:24:10'),(470,4,'2024-07-29','20.00',0,'2024-07-16 09:24:10','2024-07-16 09:24:10'),(573,8,'2024-07-22','08.00',1,'2024-07-16 10:05:35','2024-07-16 10:53:10'),(574,8,'2024-07-22','08.30',0,'2024-07-16 10:05:35','2024-07-16 10:05:35'),(575,8,'2024-07-22','09.00',0,'2024-07-16 10:05:35','2024-07-16 10:05:35'),(576,8,'2024-07-22','09.30',0,'2024-07-16 10:05:35','2024-07-16 10:05:35'),(577,8,'2024-07-22','10.00',0,'2024-07-16 10:05:35','2024-07-16 10:05:35'),(578,8,'2024-07-22','10.30',0,'2024-07-16 10:05:35','2024-07-16 10:05:35'),(579,8,'2024-07-22','11.00',0,'2024-07-16 10:05:35','2024-07-16 10:05:35'),(580,8,'2024-07-22','11.30',0,'2024-07-16 10:05:35','2024-07-16 10:05:35'),(581,8,'2024-07-22','13.00',0,'2024-07-16 10:05:35','2024-07-16 10:05:35'),(582,8,'2024-07-22','13.30',0,'2024-07-16 10:05:35','2024-07-16 10:05:35'),(583,8,'2024-07-22','14.00',1,'2024-07-16 10:05:35','2024-07-16 12:02:45'),(584,8,'2024-07-22','14.30',0,'2024-07-16 10:05:35','2024-07-16 10:05:35'),(585,8,'2024-07-22','15.00',0,'2024-07-16 10:05:35','2024-07-16 10:05:35'),(586,8,'2024-07-22','15.30',0,'2024-07-16 10:05:35','2024-07-16 10:05:35'),(587,8,'2024-07-22','16.00',0,'2024-07-16 10:05:35','2024-07-16 10:05:35'),(588,8,'2024-07-22','16.30',0,'2024-07-16 10:05:35','2024-07-16 10:05:35'),(589,8,'2024-07-22','18.00',0,'2024-07-16 10:05:35','2024-07-16 10:05:35'),(590,8,'2024-07-22','18.30',0,'2024-07-16 10:05:35','2024-07-16 10:05:35'),(591,8,'2024-07-22','19.00',0,'2024-07-16 10:05:35','2024-07-16 10:05:35'),(592,8,'2024-07-22','19.30',0,'2024-07-16 10:05:35','2024-07-16 10:05:35'),(593,8,'2024-07-22','20.00',0,'2024-07-16 10:05:35','2024-07-16 10:05:35'),(594,4,'2024-07-17','08.30',0,'2024-07-16 11:30:31','2024-07-16 11:30:31'),(595,4,'2024-07-17','09.00',0,'2024-07-16 11:30:31','2024-07-16 11:30:31'),(596,4,'2024-07-17','09.30',0,'2024-07-16 11:30:31','2024-07-16 11:30:31'),(597,4,'2024-07-17','10.00',0,'2024-07-16 11:30:31','2024-07-16 11:30:31'),(598,4,'2024-07-17','10.30',0,'2024-07-16 11:30:31','2024-07-16 11:30:31'),(599,4,'2024-07-17','11.00',0,'2024-07-16 11:30:31','2024-07-16 11:30:31'),(600,4,'2024-07-17','11.30',0,'2024-07-16 11:30:31','2024-07-16 11:30:31'),(601,4,'2024-07-17','13.00',0,'2024-07-16 11:30:31','2024-07-16 11:30:31'),(602,4,'2024-07-17','13.30',0,'2024-07-16 11:30:31','2024-07-16 11:30:31'),(603,4,'2024-07-17','14.00',0,'2024-07-16 11:30:31','2024-07-16 11:30:31'),(604,4,'2024-07-17','14.30',0,'2024-07-16 11:30:31','2024-07-16 11:30:31'),(605,4,'2024-07-17','15.00',0,'2024-07-16 11:30:31','2024-07-16 11:30:31'),(606,4,'2024-07-17','15.30',0,'2024-07-16 11:30:31','2024-07-16 11:30:31'),(607,4,'2024-07-17','16.00',0,'2024-07-16 11:30:31','2024-07-16 11:30:31'),(608,4,'2024-07-17','16.30',0,'2024-07-16 11:30:31','2024-07-16 11:30:31'),(609,4,'2024-07-17','18.00',0,'2024-07-16 11:30:31','2024-07-16 11:30:31'),(610,4,'2024-07-17','18.30',0,'2024-07-16 11:30:31','2024-07-16 11:30:31'),(611,4,'2024-07-17','19.00',0,'2024-07-16 11:30:31','2024-07-16 11:30:31'),(612,4,'2024-07-17','19.30',0,'2024-07-16 11:30:31','2024-07-16 11:30:31');
/*!40000 ALTER TABLE `time_slots` ENABLE KEYS */;
UNLOCK TABLES;

--
-- Table structure for table `users`
--

DROP TABLE IF EXISTS `users`;
/*!40101 SET @saved_cs_client     = @@character_set_client */;
/*!40101 SET character_set_client = utf8 */;
CREATE TABLE `users` (
  `id` bigint(20) unsigned NOT NULL AUTO_INCREMENT,
  `name` varchar(255) NOT NULL,
  `email` varchar(255) NOT NULL,
  `email_verified_at` timestamp NULL DEFAULT NULL,
  `password` varchar(255) NOT NULL,
  `two_factor_secret` text DEFAULT NULL,
  `two_factor_recovery_codes` text DEFAULT NULL,
  `two_factor_confirmed_at` timestamp NULL DEFAULT NULL,
  `remember_token` varchar(100) DEFAULT NULL,
  `created_at` timestamp NULL DEFAULT NULL,
  `updated_at` timestamp NULL DEFAULT NULL,
  `role_id` bigint(20) unsigned DEFAULT NULL,
  `gender` varchar(255) DEFAULT NULL,
  `dob` varchar(255) DEFAULT NULL,
  `address` varchar(255) DEFAULT NULL,
  `phone_number` varchar(255) DEFAULT NULL,
  `specialty` varchar(255) DEFAULT NULL,
  `image` varchar(255) DEFAULT NULL,
  `education` varchar(255) DEFAULT NULL,
  `description` text DEFAULT NULL,
  PRIMARY KEY (`id`),
  UNIQUE KEY `users_email_unique` (`email`),
  KEY `users_role_id_foreign` (`role_id`),
  CONSTRAINT `users_role_id_foreign` FOREIGN KEY (`role_id`) REFERENCES `roles` (`id`) ON DELETE SET NULL
) ENGINE=InnoDB AUTO_INCREMENT=11 DEFAULT CHARSET=utf8mb4 COLLATE=utf8mb4_unicode_ci;
/*!40101 SET character_set_client = @saved_cs_client */;

--
-- Dumping data for table `users`
--

LOCK TABLES `users` WRITE;
/*!40000 ALTER TABLE `users` DISABLE KEYS */;
INSERT INTO `users` VALUES (1,'Anwar','anwar.abdillah@gmail.com',NULL,'$2y$12$/iw0waIU1VIdy2w/viCOMeZ1Idc4sBjGq2IWfLhi2MQLTfOeXEuS.',NULL,NULL,NULL,NULL,'2024-07-06 14:58:58','2024-07-16 07:25:28',1,NULL,NULL,NULL,NULL,NULL,'1721121928.jpg',NULL,NULL),(2,'Alaric','alaric.my.id@gmail.com',NULL,'$2y$12$mfFwxj8yovoQGDz71Hjni.6Q0HHXaVXjZkznnkqFt6HMMQCYXulxO',NULL,NULL,NULL,NULL,'2024-07-06 20:17:19','2024-07-16 07:15:01',3,'Male','2012-11-10','Valecovska 846/2','123456789012',NULL,'1721046316.jpg',NULL,NULL),(4,'Dr Ryan Holmes','holmes@gmail.com',NULL,'$2y$12$dQ4HTT39CFSUjNJXSCDZUu3ZAH4HXIb8IYkXIpJonNLllIFpx.FL2',NULL,NULL,NULL,NULL,'2024-07-07 11:22:52','2024-07-16 11:30:42',2,'Male','1980-08-27','Suite 601-603/185 Elizabeth St Sydney, NSW 2000','776609550','General Practitioner','1721122922.jpg','MBBS, FRACGP','Dr Ryan is a friendly and non-judgmental Specialist GP in Sydney. He trained at St Vincent\'s Hospital, Darlinghurst and has special interests in: • Men\'s Health • Sexual Health • Gut Health • Medicinal Cannabis • Mental Health • Nutritional and Anti-Ageing Medicine • Allergy Medicine'),(5,'Dr Lakshmi','lakshmi@gmailcom',NULL,'$2y$12$yrXuVO.LXJktDyhNp0dCCeFXxKvuMIukTX/7CngzYUigiBLxSzMze',NULL,NULL,NULL,NULL,'2024-07-07 11:27:14','2024-07-07 12:49:07',2,'Female','1995-01-01','38A Brisbane Street Launceston, TAS 7250','+61363314526','Dentist','nJalnQ2sMrw6nJUWS9UJL7iidahhzSfVXVKd9KQh.jpg','Dr','Lorem ipsum dolor sit amet consectetur adipisicing elit. Minima repellendus sunt, inventore suscipit reiciendis mollitia, nostrum aut similique neque quam fuga quas! Quibusdam quidem temporibus omnis fugiat, quam beatae aperiam.'),(6,'Dr Vani','vani@gmail.com',NULL,'$2y$12$gVolFuA3j7fD6EGhd71SjuNDf7obnQA3fhcYz.mxzOBT2AN.n51S2',NULL,NULL,NULL,NULL,'2024-07-07 11:36:16','2024-07-07 12:49:42',2,'Female','2000-11-10','38A Brisbane Street Launceston, TAS 7250','+61363314526','Dentist','WI3l8vy0Aab2QvM5INOetQ0C1oVsoalnOd30J48x.jpg','Dr','Lorem ipsum dolor sit amet consectetur adipisicing elit. Minima repellendus sunt, inventore suscipit reiciendis mollitia, nostrum aut similique neque quam fuga quas! Quibusdam quidem temporibus omnis fugiat, quam beatae aperiam.'),(8,'Michal Polack','michal@gmail.com',NULL,'$2y$12$s2IRYB.o1nMNtaAm3fgOheF6njUetinzJaU82SDgTQnOHEURYSjmy',NULL,NULL,NULL,NULL,'2024-07-07 15:32:46','2024-07-16 10:05:41',2,'Male','1998-05-13','Dejvicka, Prague 6, CZ.','012345678912','Psychologist','pvSlAImwkuOjqxRq8HqeT5VRbz8uyWNgPXYlOyyq.jpg','Phd','Lorem ipsum dolor sit amet consectetur adipisicing elit. Minima repellendus sunt, inventore suscipit reiciendis mollitia, nostrum aut similique neque quam fuga quas! Quibusdam quidem temporibus omnis fugiat, quam beatae aperiam.'),(9,'Amy Koo','koo@gmail.com',NULL,'$2y$12$hC8lygi0NJkCv/9V6/4D4O3d4PpuESUuk88JdPLO63TPtanHe0yXm',NULL,NULL,NULL,NULL,'2024-07-12 06:40:13','2024-07-16 06:47:43',2,'Female','1992-11-11','Suite A, Southbank Central, 38 Meadowville Avenue South Perth, WA 6151','0893136688','General Practitioner','jAwqKFReNf1gcT3AhuDsIKvLtwTqmx2gSL0XXhKY.jpg','Bachelor Of Optometry, FBDO','Amy Koo is a highly esteemed optometrist based in Perth, renowned for her specialisation in the treatment of dry eye syndrome. With an extensive background in optometry, she has established a reputation for her expertise and dedicated commitment to patient care, particularly in the management and alleviation of dry eye symptoms. Additionally, she collaborates closely with Dr. Rachel Li on refractive laser vision correction.'),(10,'Ikan Paus','ikanpausbersinbersin@gmail.com',NULL,'$2y$12$pey5Wb509pAO.pVv5YHn9uUPz8K6BuRXXxoVtdXUYmsaHHVu4n4nu',NULL,NULL,NULL,NULL,'2024-07-16 11:06:34','2024-07-16 11:06:34',3,'male','2012-11-10',NULL,'62817115549',NULL,NULL,NULL,NULL);
/*!40000 ALTER TABLE `users` ENABLE KEYS */;
UNLOCK TABLES;
/*!40103 SET TIME_ZONE=@OLD_TIME_ZONE */;

/*!40101 SET SQL_MODE=@OLD_SQL_MODE */;
/*!40014 SET FOREIGN_KEY_CHECKS=@OLD_FOREIGN_KEY_CHECKS */;
/*!40014 SET UNIQUE_CHECKS=@OLD_UNIQUE_CHECKS */;
/*!40101 SET CHARACTER_SET_CLIENT=@OLD_CHARACTER_SET_CLIENT */;
/*!40101 SET CHARACTER_SET_RESULTS=@OLD_CHARACTER_SET_RESULTS */;
/*!40101 SET COLLATION_CONNECTION=@OLD_COLLATION_CONNECTION */;
/*!40111 SET SQL_NOTES=@OLD_SQL_NOTES */;

-- Dump completed on 2024-07-17 11:27:15
